package,version,source
R,4.4.3,CRAN
rmarkdown,2.31,CRAN
knitr,1.51,CRAN
Seurat,5.5.1,CRAN
SeuratObject,5.4.0,CRAN
harmony,2.0.5,CRAN
MAST,1.32.0,Bioconductor
SingleCellExperiment,1.28.0,Bioconductor
limma,3.62.1,Bioconductor
edgeR,4.4.0,Bioconductor
speckle,1.6.0,Bioconductor
fgsea,1.32.2,Bioconductor
msigdbr,26.1.0,CRAN
CellChat,2.2.0.9001,GitHub jinworks/CellChat
NMF,0.28,CRAN
data.table,1.18.4,CRAN
dplyr,1.2.1,CRAN
tidyr,1.3.2,CRAN
tibble,3.3.1,CRAN
readr,2.2.0,CRAN
stringr,1.6.0,CRAN
ggplot2,4.0.3,CRAN
ggrepel,0.9.8,CRAN
patchwork,1.3.2,CRAN
scales,1.4.0,CRAN
scattermore,1.2,CRAN
svglite,2.2.2,CRAN
DT,0.34.0,CRAN
Matrix,1.7.5,CRAN
digest,0.6.39,CRAN
future,1.75.0,CRAN
GenomeInfoDbData,1.2.15,Bioconductor
